offset_label	offset	base	count	mean	std	median	min	max	p01	p05	p25	p75	p95	p99
left4	-4.0	A	39000	67.09947805995832	11.744701276013837	67.13221568153018	-32.00638561248779	366.3288531833225	41.94649432818095	48.934196128845215	60.31123753597862	73.68127972739083	83.98306157248359	94.67066162654338
left4	-4.0	T	34000	89.83558386443762	11.55458634187742	89.72973489761353	1.1061879396438599	400.9333020723783	63.635886878967284	73.30259901682535	83.00419597625732	96.54996690295991	106.56080437554253	113.15090488433842
left4	-4.0	G	25000	61.7997547776514	10.868403037660881	61.68040504455566	25.28194169998169	362.1922353108724	39.42083869025821	45.51729853095078	54.84852220535278	68.23130238850912	78.178902053833	86.6851241204397
left4	-4.0	C	35000	80.47217893012888	9.562076247835375	80.18798020569204	-35.222556554354156	428.0543838500977	61.31150505963494	66.95756609904302	74.8299183967786	85.7718990698628	94.04618648952908	100.20228624071396
