offset_label	offset	base	count	mean	std	median	min	max	p01	p05	p25	p75	p95	p99
left3p7	-3.7	A	39000	68.15239801548707	11.831913818358943	68.12403392791748	8.976281325022379	436.1191126505534	43.39976088305704	50.35416836738587	60.92334875984797	75.09020531518118	85.38346345541358	93.23503498513361
left3p7	-3.7	T	34000	86.62837223215723	10.801164165433697	86.24567791865422	-12.647626583392803	372.5131484440395	64.51219297027588	71.33457863190596	79.99032983445284	92.79351019859314	102.5975635256086	109.93331883239748
left3p7	-3.7	G	25000	63.480539127739554	11.089990294116973	63.34023054079576	-17.85808828141954	327.16991806030273	40.63795518009603	46.84112941953871	56.36755032766433	70.32138424827939	80.19103501456124	87.09792103050994
left3p7	-3.7	C	35000	80.30706894795084	9.572801106421673	79.96339058876038	-42.48646015591092	412.78117141723635	61.78497738436186	67.06495479311262	74.6285989999771	85.57669515777052	93.70996215201711	99.63915852137974
