span_field	base	count	mean	std	median	min	max	p01	p05	p25	p75	p95	p99
base_sample_spans_rel	A	40000	74.38980444742448	13.618609887404855	74.81420917510987	-2.926545588175456	377.63878021240237	44.32802614593506	52.274975814819335	65.5705403327942	83.01539958318075	95.11721996307374	104.47998291015625
base_sample_spans_rel	T	35000	73.73381601312684	14.111227797101657	74.0152099609375	-17.534564272562662	407.37956314086915	44.36090755571638	51.46425715128581	64.21037149429321	83.0687350845337	94.47494776407878	102.30605751800537
base_sample_spans_rel	G	27000	75.28177173708995	13.074496692900428	75.66829910278321	30.69734764099121	340.78210220336916	44.852601924896234	53.851608715057374	67.15103782018026	83.76680202484131	94.35952339172363	101.98788050079342
base_sample_spans_rel	C	35000	77.24671515122758	14.04190293611722	78.25095558166504	35.47399501800537	478.02899780273435	47.7119974975586	54.30720261891683	68.59131870269775	86.09946060180664	96.95486099243163	104.91076960754398
base_sample_spans_rel_adj	A	40000	75.04249113265828	15.663082914281384	74.97134628295899	1.1061879396438599	350.3266976096413	42.58186692678011	50.26489479230798	64.1293591556386	85.41289027531941	99.938453392549	109.6817698186239
base_sample_spans_rel_adj	T	35000	75.08328289261117	15.160394454400933	74.7984543800354	-35.222556554354156	366.3288531833225	44.47034925460815	52.00521278381348	64.30912885030111	85.45036010742187	98.55227427104163	106.5700785295587
base_sample_spans_rel_adj	G	27000	73.85207108809871	14.755722087741743	74.2826033669549	30.073253949483234	400.9333020723783	41.72371995022422	49.63309268188477	64.16312834875924	83.66681860174452	95.84923312639948	106.81441324234007
base_sample_spans_rel_adj	C	35000	77.31720651166	15.462326968026536	77.4050102401198	6.263111750284831	428.0543838500977	44.99802638457372	52.37330416870117	67.25726441903548	87.58098947434198	100.82394453684488	109.29156370775632
